chunk,raw,gzip
Admin-3SKqP_TB.js,115432,23939
AdminAccess-COMHRP5n.js,5067,1617
AnimatedPage-CjzM94tB.js,121234,39001
Attendance-DVtLuSaS.js,7300,2140
AttendanceScan-DvFJq1Xp.js,4739,1494
Badge-B7VvHj42.js,786,460
Button-DWrHZoWh.js,1619,846
CameraCapture-NzJm471l.js,5851,2244
Card-Dvs2z-8h.js,729,342
CreateProfile-GUsQJWR7.js,23376,6279
CreateRequest-D6FIgwtM.js,3702,1504
Dashboard-DT7VZTf1.js,32142,8296
Input-CaH5Y8HE.js,1125,649
Login-B2AKUDyW.js,6571,2524
MyIssues-D915Omp0.js,6294,2190
Payments-Dd6oz3ZS.js,1690,783
Profile-DpePlh1v.js,32863,8036
Profiles-eHLdZ-ez.js,5445,1709
Register-RTC56aYe.js,5559,2276
RequestDetail-Cf7Yc_3n.js,9144,2802
Requests-Bqt47Sd6.js,10237,2795
ResetPassword-BlzV8C8D.js,3038,1292
SeedAdmin-BkuPKIvQ.js,1394,771
StaggerList-DhQZ9oI6.js,566,342
StrikeWarning-C7-2lqNI.js,2682,1134
TiltCard-DM1d-S1J.js,870,557
confetti.module-BYDB1iN2.js,10575,4221
firebase-DYjI9oS2.js,589018,172358
firebase-cytszIUr.js,517,387
index-CJZegdWj.js,107985,29377
qr-D2joamYb.js,23948,8717
rolldown-runtime-B0Z9INg1.js,901,540
types-BJKBghmz.js,2478,1111
vendor-gy_KHFrR.js,251406,79024
web-vitals-T56GecVW.js,5627,2376
index-PBFS6kai.css,69137,13278
---
TOTAL_ASSETS,1471047,410098
